idSample	timestamp	frame_idx	confidence	norm_pos_x	norm_pos_y	target_x	target_y	slide	zone
1	0	0	1	0.269270833333333	0.0694444444444444	517	75	1	1
2	20	0	1	0.269270833333333	0.0694444444444444	517	75	1	1
3	40	1	1	0.269270833333333	0.0694444444444444	517	75	1	1
4	60	1	1	0.269270833333333	0.0694444444444444	517	75	1	1
5	80	2	1	0.269270833333333	0.0694444444444444	517	75	1	1
6	100	2	1	0.269270833333333	0.0694444444444444	517	75	1	1
7	120	3	1	0.269270833333333	0.0694444444444444	517	75	1	1
8	140	3	1	0.269270833333333	0.0694444444444444	517	75	1	1
9	160	4	1	0.269270833333333	0.0694444444444444	517	75	1	1
10	180	4	1	0.269270833333333	0.0694444444444444	517	75	1	1
11	200	5	1	0.269270833333333	0.0694444444444444	517	75	1	1
12	220	5	1	0.269270833333333	0.0694444444444444	517	75	1	1
13	240	6	1	0.269270833333333	0.0694444444444444	517	75	1	1
14	260	6	1	0.269270833333333	0.0694444444444444	517	75	1	1
15	280	7	1	0.269270833333333	0.0694444444444444	517	75	1	1
16	300	7	1	0.269270833333333	0.0694444444444444	517	75	1	1
17	320	8	1	0.269270833333333	0.0694444444444444	517	75	1	1
18	340	8	1	0.269270833333333	0.0694444444444444	517	75	1	1
19	360	9	1	0.269270833333333	0.0694444444444444	517	75	1	1
20	380	9	1	0.269270833333333	0.0694444444444444	517	75	1	1
21	400	10	1	0.269270833333333	0.0694444444444444	517	75	1	1
22	420	10	1	0.269270833333333	0.0694444444444444	517	75	1	1
23	440	11	1	0.269270833333333	0.0694444444444444	517	75	1	1
24	460	11	1	0.269270833333333	0.0694444444444444	517	75	1	1
25	480	12	1	0.269270833333333	0.0694444444444444	517	75	1	1
26	500	12	1	0.516145833333333	0.190740740740741	991	206	1	2
27	520	13	1	0.516145833333333	0.190740740740741	991	206	1	2
28	540	13	1	0.516145833333333	0.190740740740741	991	206	1	2
29	560	14	1	0.516145833333333	0.190740740740741	991	206	1	2
30	580	14	1	0.516145833333333	0.190740740740741	991	206	1	2
31	600	15	1	0.516145833333333	0.190740740740741	991	206	1	2
32	620	15	1	0.516145833333333	0.190740740740741	991	206	1	2
33	640	16	1	0.516145833333333	0.190740740740741	991	206	1	2
34	660	16	1	0.516145833333333	0.190740740740741	991	206	1	2
35	680	17	1	0.516145833333333	0.190740740740741	991	206	1	2
36	700	17	1	0.516145833333333	0.190740740740741	991	206	1	2
37	720	18	1	0.516145833333333	0.190740740740741	991	206	1	2
38	740	18	1	0.516145833333333	0.190740740740741	991	206	1	2
39	760	19	1	0.516145833333333	0.190740740740741	991	206	1	2
40	780	19	1	0.516145833333333	0.190740740740741	991	206	1	2
41	800	20	1	0.516145833333333	0.190740740740741	991	206	1	2
42	820	20	1	0.516145833333333	0.190740740740741	991	206	1	2
43	840	21	1	0.516145833333333	0.190740740740741	991	206	1	2
44	860	21	1	0.516145833333333	0.190740740740741	991	206	1	2
45	880	22	1	0.516145833333333	0.190740740740741	991	206	1	2
46	900	22	1	0.516145833333333	0.190740740740741	991	206	1	2
47	920	23	1	0.516145833333333	0.190740740740741	991	206	1	2
48	940	23	1	0.516145833333333	0.190740740740741	991	206	1	2
49	960	24	1	0.516145833333333	0.190740740740741	991	206	1	2
50	980	24	1	0.516145833333333	0.190740740740741	991	206	1	2
51	1000	25	1	0.269270833333333	0.0490740740740741	517	53	2	1
52	1020	25	1	0.269270833333333	0.0490740740740741	517	53	2	1
53	1040	26	1	0.269270833333333	0.0490740740740741	517	53	2	1
54	1060	26	1	0.269270833333333	0.0490740740740741	517	53	2	1
55	1080	27	1	0.269270833333333	0.0490740740740741	517	53	2	1
56	1100	27	1	0.269270833333333	0.0490740740740741	517	53	2	1
57	1120	28	1	0.269270833333333	0.0490740740740741	517	53	2	1
58	1140	28	1	0.269270833333333	0.0490740740740741	517	53	2	1
59	1160	29	1	0.269270833333333	0.0490740740740741	517	53	2	1
60	1180	29	1	0.269270833333333	0.0490740740740741	517	53	2	1
61	1200	30	1	0.269270833333333	0.0490740740740741	517	53	2	1
62	1220	30	1	0.269270833333333	0.0490740740740741	517	53	2	1
63	1240	31	1	0.269270833333333	0.0490740740740741	517	53	2	1
64	1260	31	1	0.269270833333333	0.0490740740740741	517	53	2	1
65	1280	32	1	0.269270833333333	0.0490740740740741	517	53	2	1
66	1300	32	1	0.269270833333333	0.0490740740740741	517	53	2	1
67	1320	33	1	0.269270833333333	0.0490740740740741	517	53	2	1
68	1340	33	1	0.269270833333333	0.0490740740740741	517	53	2	1
69	1360	34	1	0.269270833333333	0.0490740740740741	517	53	2	1
70	1380	34	1	0.269270833333333	0.0490740740740741	517	53	2	1
71	1400	35	1	0.269270833333333	0.0490740740740741	517	53	2	1
72	1420	35	1	0.269270833333333	0.0490740740740741	517	53	2	1
73	1440	36	1	0.269270833333333	0.0490740740740741	517	53	2	1
74	1460	36	1	0.269270833333333	0.0490740740740741	517	53	2	1
75	1480	37	1	0.269270833333333	0.0490740740740741	517	53	2	1
76	1500	37	1	0.516145833333333	0.17037037037037	991	184	2	2
77	1520	38	1	0.516145833333333	0.17037037037037	991	184	2	2
78	1540	38	1	0.516145833333333	0.17037037037037	991	184	2	2
79	1560	39	1	0.516145833333333	0.17037037037037	991	184	2	2
80	1580	39	1	0.516145833333333	0.17037037037037	991	184	2	2
81	1600	40	1	0.516145833333333	0.17037037037037	991	184	2	2
82	1620	40	1	0.516145833333333	0.17037037037037	991	184	2	2
83	1640	41	1	0.516145833333333	0.17037037037037	991	184	2	2
84	1660	41	1	0.516145833333333	0.17037037037037	991	184	2	2
85	1680	42	1	0.516145833333333	0.17037037037037	991	184	2	2
86	1700	42	1	0.516145833333333	0.17037037037037	991	184	2	2
87	1720	43	1	0.516145833333333	0.17037037037037	991	184	2	2
88	1740	43	1	0.516145833333333	0.17037037037037	991	184	2	2
89	1760	44	1	0.516145833333333	0.17037037037037	991	184	2	2
90	1780	44	1	0.516145833333333	0.17037037037037	991	184	2	2
91	1800	45	1	0.516145833333333	0.17037037037037	991	184	2	2
92	1820	45	1	0.516145833333333	0.17037037037037	991	184	2	2
93	1840	46	1	0.516145833333333	0.17037037037037	991	184	2	2
94	1860	46	1	0.516145833333333	0.17037037037037	991	184	2	2
95	1880	47	1	0.516145833333333	0.17037037037037	991	184	2	2
96	1900	47	1	0.516145833333333	0.17037037037037	991	184	2	2
97	1920	48	1	0.516145833333333	0.17037037037037	991	184	2	2
98	1940	48	1	0.516145833333333	0.17037037037037	991	184	2	2
99	1960	49	1	0.516145833333333	0.17037037037037	991	184	2	2
100	1980	49	1	0.516145833333333	0.17037037037037	991	184	2	2
101	2000	50	1	0.269270833333333	0.0203703703703704	517	22	3	1
102	2020	50	1	0.269270833333333	0.0203703703703704	517	22	3	1
103	2040	51	1	0.269270833333333	0.0203703703703704	517	22	3	1
104	2060	51	1	0.269270833333333	0.0203703703703704	517	22	3	1
105	2080	52	1	0.269270833333333	0.0203703703703704	517	22	3	1
106	2100	52	1	0.269270833333333	0.0203703703703704	517	22	3	1
107	2120	53	1	0.269270833333333	0.0203703703703704	517	22	3	1
108	2140	53	1	0.269270833333333	0.0203703703703704	517	22	3	1
109	2160	54	1	0.269270833333333	0.0203703703703704	517	22	3	1
110	2180	54	1	0.269270833333333	0.0203703703703704	517	22	3	1
111	2200	55	1	0.269270833333333	0.0203703703703704	517	22	3	1
112	2220	55	1	0.269270833333333	0.0203703703703704	517	22	3	1
113	2240	56	1	0.269270833333333	0.0203703703703704	517	22	3	1
114	2260	56	1	0.269270833333333	0.0203703703703704	517	22	3	1
115	2280	57	1	0.269270833333333	0.0203703703703704	517	22	3	1
116	2300	57	1	0.269270833333333	0.0203703703703704	517	22	3	1
117	2320	58	1	0.269270833333333	0.0203703703703704	517	22	3	1
118	2340	58	1	0.269270833333333	0.0203703703703704	517	22	3	1
119	2360	59	1	0.269270833333333	0.0203703703703704	517	22	3	1
120	2380	59	1	0.269270833333333	0.0203703703703704	517	22	3	1
121	2400	60	1	0.269270833333333	0.0203703703703704	517	22	3	1
122	2420	60	1	0.269270833333333	0.0203703703703704	517	22	3	1
123	2440	61	1	0.269270833333333	0.0203703703703704	517	22	3	1
124	2460	61	1	0.269270833333333	0.0203703703703704	517	22	3	1
125	2480	62	1	0.269270833333333	0.0203703703703704	517	22	3	1
126	2500	62	1	0.516145833333333	0.141666666666667	991	153	3	2
127	2520	63	1	0.516145833333333	0.141666666666667	991	153	3	2
128	2540	63	1	0.516145833333333	0.141666666666667	991	153	3	2
129	2560	64	1	0.516145833333333	0.141666666666667	991	153	3	2
130	2580	64	1	0.516145833333333	0.141666666666667	991	153	3	2
131	2600	65	1	0.516145833333333	0.141666666666667	991	153	3	2
132	2620	65	1	0.516145833333333	0.141666666666667	991	153	3	2
133	2640	66	1	0.516145833333333	0.141666666666667	991	153	3	2
134	2660	66	1	0.516145833333333	0.141666666666667	991	153	3	2
135	2680	67	1	0.516145833333333	0.141666666666667	991	153	3	2
136	2700	67	1	0.516145833333333	0.141666666666667	991	153	3	2
137	2720	68	1	0.516145833333333	0.141666666666667	991	153	3	2
138	2740	68	1	0.516145833333333	0.141666666666667	991	153	3	2
139	2760	69	1	0.516145833333333	0.141666666666667	991	153	3	2
140	2780	69	1	0.516145833333333	0.141666666666667	991	153	3	2
141	2800	70	1	0.516145833333333	0.141666666666667	991	153	3	2
142	2820	70	1	0.516145833333333	0.141666666666667	991	153	3	2
143	2840	71	1	0.516145833333333	0.141666666666667	991	153	3	2
144	2860	71	1	0.516145833333333	0.141666666666667	991	153	3	2
145	2880	72	1	0.516145833333333	0.141666666666667	991	153	3	2
146	2900	72	1	0.516145833333333	0.141666666666667	991	153	3	2
147	2920	73	1	0.516145833333333	0.141666666666667	991	153	3	2
148	2940	73	1	0.516145833333333	0.141666666666667	991	153	3	2
149	2960	74	1	0.516145833333333	0.141666666666667	991	153	3	2
150	2980	74	1	0.516145833333333	0.141666666666667	991	153	3	2
151	3000	75	1	0.278645833333333	0.25462962962963	535	275	4	1
152	3020	75	1	0.278645833333333	0.25462962962963	535	275	4	1
153	3040	76	1	0.278645833333333	0.25462962962963	535	275	4	1
154	3060	76	1	0.278645833333333	0.25462962962963	535	275	4	1
155	3080	77	1	0.278645833333333	0.25462962962963	535	275	4	1
156	3100	77	1	0.278645833333333	0.25462962962963	535	275	4	1
157	3120	78	1	0.278645833333333	0.25462962962963	535	275	4	1
158	3140	78	1	0.278645833333333	0.25462962962963	535	275	4	1
159	3160	79	1	0.278645833333333	0.25462962962963	535	275	4	1
160	3180	79	1	0.278645833333333	0.25462962962963	535	275	4	1
161	3200	80	1	0.278645833333333	0.25462962962963	535	275	4	1
162	3220	80	1	0.278645833333333	0.25462962962963	535	275	4	1
163	3240	81	1	0.278645833333333	0.25462962962963	535	275	4	1
164	3260	81	1	0.278645833333333	0.25462962962963	535	275	4	1
165	3280	82	1	0.278645833333333	0.25462962962963	535	275	4	1
166	3300	82	1	0.278645833333333	0.25462962962963	535	275	4	1
167	3320	83	1	0.278645833333333	0.25462962962963	535	275	4	1
168	3340	83	1	0.278645833333333	0.25462962962963	535	275	4	1
169	3360	84	1	0.278645833333333	0.25462962962963	535	275	4	1
170	3380	84	1	0.278645833333333	0.25462962962963	535	275	4	1
171	3400	85	1	0.278645833333333	0.25462962962963	535	275	4	1
172	3420	85	1	0.278645833333333	0.25462962962963	535	275	4	1
173	3440	86	1	0.278645833333333	0.25462962962963	535	275	4	1
174	3460	86	1	0.278645833333333	0.25462962962963	535	275	4	1
175	3480	87	1	0.278645833333333	0.25462962962963	535	275	4	1
176	3500	87	1	0.519791666666667	0.415740740740741	998	449	4	2
177	3520	88	1	0.519791666666667	0.415740740740741	998	449	4	2
178	3540	88	1	0.519791666666667	0.415740740740741	998	449	4	2
179	3560	89	1	0.519791666666667	0.415740740740741	998	449	4	2
180	3580	89	1	0.519791666666667	0.415740740740741	998	449	4	2
181	3600	90	1	0.519791666666667	0.415740740740741	998	449	4	2
182	3620	90	1	0.519791666666667	0.415740740740741	998	449	4	2
183	3640	91	1	0.519791666666667	0.415740740740741	998	449	4	2
184	3660	91	1	0.519791666666667	0.415740740740741	998	449	4	2
185	3680	92	1	0.519791666666667	0.415740740740741	998	449	4	2
186	3700	92	1	0.519791666666667	0.415740740740741	998	449	4	2
187	3720	93	1	0.519791666666667	0.415740740740741	998	449	4	2
188	3740	93	1	0.519791666666667	0.415740740740741	998	449	4	2
189	3760	94	1	0.519791666666667	0.415740740740741	998	449	4	2
190	3780	94	1	0.519791666666667	0.415740740740741	998	449	4	2
191	3800	95	1	0.519791666666667	0.415740740740741	998	449	4	2
192	3820	95	1	0.519791666666667	0.415740740740741	998	449	4	2
193	3840	96	1	0.519791666666667	0.415740740740741	998	449	4	2
194	3860	96	1	0.519791666666667	0.415740740740741	998	449	4	2
195	3880	97	1	0.519791666666667	0.415740740740741	998	449	4	2
196	3900	97	1	0.519791666666667	0.415740740740741	998	449	4	2
197	3920	98	1	0.519791666666667	0.415740740740741	998	449	4	2
198	3940	98	1	0.519791666666667	0.415740740740741	998	449	4	2
199	3960	99	1	0.519791666666667	0.415740740740741	998	449	4	2
200	3980	99	1	0.519791666666667	0.415740740740741	998	449	4	2
201	4000	100	1	0.289583333333333	0.221296296296296	556	239	5	1
202	4020	100	1	0.289583333333333	0.221296296296296	556	239	5	1
203	4040	101	1	0.289583333333333	0.221296296296296	556	239	5	1
204	4060	101	1	0.289583333333333	0.221296296296296	556	239	5	1
205	4080	102	1	0.289583333333333	0.221296296296296	556	239	5	1
206	4100	102	1	0.289583333333333	0.221296296296296	556	239	5	1
207	4120	103	1	0.289583333333333	0.221296296296296	556	239	5	1
208	4140	103	1	0.289583333333333	0.221296296296296	556	239	5	1
209	4160	104	1	0.289583333333333	0.221296296296296	556	239	5	1
210	4180	104	1	0.289583333333333	0.221296296296296	556	239	5	1
211	4200	105	1	0.289583333333333	0.221296296296296	556	239	5	1
212	4220	105	1	0.289583333333333	0.221296296296296	556	239	5	1
213	4240	106	1	0.289583333333333	0.221296296296296	556	239	5	1
214	4260	106	1	0.289583333333333	0.221296296296296	556	239	5	1
215	4280	107	1	0.289583333333333	0.221296296296296	556	239	5	1
216	4300	107	1	0.289583333333333	0.221296296296296	556	239	5	1
217	4320	108	1	0.289583333333333	0.221296296296296	556	239	5	1
218	4340	108	1	0.289583333333333	0.221296296296296	556	239	5	1
219	4360	109	1	0.289583333333333	0.221296296296296	556	239	5	1
220	4380	109	1	0.289583333333333	0.221296296296296	556	239	5	1
221	4400	110	1	0.289583333333333	0.221296296296296	556	239	5	1
222	4420	110	1	0.289583333333333	0.221296296296296	556	239	5	1
223	4440	111	1	0.289583333333333	0.221296296296296	556	239	5	1
224	4460	111	1	0.289583333333333	0.221296296296296	556	239	5	1
225	4480	112	1	0.289583333333333	0.221296296296296	556	239	5	1
226	4500	112	1	0.521875	0.419444444444444	1002	453	5	2
227	4520	113	1	0.521875	0.419444444444444	1002	453	5	2
228	4540	113	1	0.521875	0.419444444444444	1002	453	5	2
229	4560	114	1	0.521875	0.419444444444444	1002	453	5	2
230	4580	114	1	0.521875	0.419444444444444	1002	453	5	2
231	4600	115	1	0.521875	0.419444444444444	1002	453	5	2
232	4620	115	1	0.521875	0.419444444444444	1002	453	5	2
233	4640	116	1	0.521875	0.419444444444444	1002	453	5	2
234	4660	116	1	0.521875	0.419444444444444	1002	453	5	2
235	4680	117	1	0.521875	0.419444444444444	1002	453	5	2
236	4700	117	1	0.521875	0.419444444444444	1002	453	5	2
237	4720	118	1	0.521875	0.419444444444444	1002	453	5	2
238	4740	118	1	0.521875	0.419444444444444	1002	453	5	2
239	4760	119	1	0.521875	0.419444444444444	1002	453	5	2
240	4780	119	1	0.521875	0.419444444444444	1002	453	5	2
241	4800	120	1	0.521875	0.419444444444444	1002	453	5	2
242	4820	120	1	0.521875	0.419444444444444	1002	453	5	2
243	4840	121	1	0.521875	0.419444444444444	1002	453	5	2
244	4860	121	1	0.521875	0.419444444444444	1002	453	5	2
245	4880	122	1	0.521875	0.419444444444444	1002	453	5	2
246	4900	122	1	0.521875	0.419444444444444	1002	453	5	2
247	4920	123	1	0.521875	0.419444444444444	1002	453	5	2
248	4940	123	1	0.521875	0.419444444444444	1002	453	5	2
249	4960	124	1	0.521875	0.419444444444444	1002	453	5	2
250	4980	124	1	0.521875	0.419444444444444	1002	453	5	2
251	5000	125	1	0.303645833333333	0.188888888888889	583	204	6	1
252	5020	125	1	0.303645833333333	0.188888888888889	583	204	6	1
253	5040	126	1	0.303645833333333	0.188888888888889	583	204	6	1
254	5060	126	1	0.303645833333333	0.188888888888889	583	204	6	1
255	5080	127	1	0.303645833333333	0.188888888888889	583	204	6	1
256	5100	127	1	0.303645833333333	0.188888888888889	583	204	6	1
257	5120	128	1	0.303645833333333	0.188888888888889	583	204	6	1
258	5140	128	1	0.303645833333333	0.188888888888889	583	204	6	1
259	5160	129	1	0.303645833333333	0.188888888888889	583	204	6	1
260	5180	129	1	0.303645833333333	0.188888888888889	583	204	6	1
261	5200	130	1	0.303645833333333	0.188888888888889	583	204	6	1
262	5220	130	1	0.303645833333333	0.188888888888889	583	204	6	1
263	5240	131	1	0.303645833333333	0.188888888888889	583	204	6	1
264	5260	131	1	0.303645833333333	0.188888888888889	583	204	6	1
265	5280	132	1	0.303645833333333	0.188888888888889	583	204	6	1
266	5300	132	1	0.303645833333333	0.188888888888889	583	204	6	1
267	5320	133	1	0.303645833333333	0.188888888888889	583	204	6	1
268	5340	133	1	0.303645833333333	0.188888888888889	583	204	6	1
269	5360	134	1	0.303645833333333	0.188888888888889	583	204	6	1
270	5380	134	1	0.303645833333333	0.188888888888889	583	204	6	1
271	5400	135	1	0.303645833333333	0.188888888888889	583	204	6	1
272	5420	135	1	0.303645833333333	0.188888888888889	583	204	6	1
273	5440	136	1	0.303645833333333	0.188888888888889	583	204	6	1
274	5460	136	1	0.303645833333333	0.188888888888889	583	204	6	1
275	5480	137	1	0.303645833333333	0.188888888888889	583	204	6	1
276	5500	137	1	0.525	0.424074074074074	1008	458	6	2
277	5520	138	1	0.525	0.424074074074074	1008	458	6	2
278	5540	138	1	0.525	0.424074074074074	1008	458	6	2
279	5560	139	1	0.525	0.424074074074074	1008	458	6	2
280	5580	139	1	0.525	0.424074074074074	1008	458	6	2
281	5600	140	1	0.525	0.424074074074074	1008	458	6	2
282	5620	140	1	0.525	0.424074074074074	1008	458	6	2
283	5640	141	1	0.525	0.424074074074074	1008	458	6	2
284	5660	141	1	0.525	0.424074074074074	1008	458	6	2
285	5680	142	1	0.525	0.424074074074074	1008	458	6	2
286	5700	142	1	0.525	0.424074074074074	1008	458	6	2
287	5720	143	1	0.525	0.424074074074074	1008	458	6	2
288	5740	143	1	0.525	0.424074074074074	1008	458	6	2
289	5760	144	1	0.525	0.424074074074074	1008	458	6	2
290	5780	144	1	0.525	0.424074074074074	1008	458	6	2
291	5800	145	1	0.525	0.424074074074074	1008	458	6	2
292	5820	145	1	0.525	0.424074074074074	1008	458	6	2
293	5840	146	1	0.525	0.424074074074074	1008	458	6	2
294	5860	146	1	0.525	0.424074074074074	1008	458	6	2
295	5880	147	1	0.525	0.424074074074074	1008	458	6	2
296	5900	147	1	0.525	0.424074074074074	1008	458	6	2
297	5920	148	1	0.525	0.424074074074074	1008	458	6	2
298	5940	148	1	0.525	0.424074074074074	1008	458	6	2
299	5960	149	1	0.525	0.424074074074074	1008	458	6	2
300	5980	149	1	0.525	0.424074074074074	1008	458	6	2
301	6000	150	1	0.294791666666667	0.296296296296296	566	320	7	1
302	6020	150	1	0.294791666666667	0.296296296296296	566	320	7	1
303	6040	151	1	0.294791666666667	0.296296296296296	566	320	7	1
304	6060	151	1	0.294791666666667	0.296296296296296	566	320	7	1
305	6080	152	1	0.294791666666667	0.296296296296296	566	320	7	1
306	6100	152	1	0.294791666666667	0.296296296296296	566	320	7	1
307	6120	153	1	0.294791666666667	0.296296296296296	566	320	7	1
308	6140	153	1	0.294791666666667	0.296296296296296	566	320	7	1
309	6160	154	1	0.294791666666667	0.296296296296296	566	320	7	1
310	6180	154	1	0.294791666666667	0.296296296296296	566	320	7	1
311	6200	155	1	0.294791666666667	0.296296296296296	566	320	7	1
312	6220	155	1	0.294791666666667	0.296296296296296	566	320	7	1
313	6240	156	1	0.294791666666667	0.296296296296296	566	320	7	1
314	6260	156	1	0.294791666666667	0.296296296296296	566	320	7	1
315	6280	157	1	0.294791666666667	0.296296296296296	566	320	7	1
316	6300	157	1	0.294791666666667	0.296296296296296	566	320	7	1
317	6320	158	1	0.294791666666667	0.296296296296296	566	320	7	1
318	6340	158	1	0.294791666666667	0.296296296296296	566	320	7	1
319	6360	159	1	0.294791666666667	0.296296296296296	566	320	7	1
320	6380	159	1	0.294791666666667	0.296296296296296	566	320	7	1
321	6400	160	1	0.294791666666667	0.296296296296296	566	320	7	1
322	6420	160	1	0.294791666666667	0.296296296296296	566	320	7	1
323	6440	161	1	0.294791666666667	0.296296296296296	566	320	7	1
324	6460	161	1	0.294791666666667	0.296296296296296	566	320	7	1
325	6480	162	1	0.294791666666667	0.296296296296296	566	320	7	1
326	6500	162	1	0.516145833333333	0.412037037037037	991	445	7	2
327	6520	163	1	0.516145833333333	0.412037037037037	991	445	7	2
328	6540	163	1	0.516145833333333	0.412037037037037	991	445	7	2
329	6560	164	1	0.516145833333333	0.412037037037037	991	445	7	2
330	6580	164	1	0.516145833333333	0.412037037037037	991	445	7	2
331	6600	165	1	0.516145833333333	0.412037037037037	991	445	7	2
332	6620	165	1	0.516145833333333	0.412037037037037	991	445	7	2
333	6640	166	1	0.516145833333333	0.412037037037037	991	445	7	2
334	6660	166	1	0.516145833333333	0.412037037037037	991	445	7	2
335	6680	167	1	0.516145833333333	0.412037037037037	991	445	7	2
336	6700	167	1	0.516145833333333	0.412037037037037	991	445	7	2
337	6720	168	1	0.516145833333333	0.412037037037037	991	445	7	2
338	6740	168	1	0.516145833333333	0.412037037037037	991	445	7	2
339	6760	169	1	0.516145833333333	0.412037037037037	991	445	7	2
340	6780	169	1	0.516145833333333	0.412037037037037	991	445	7	2
341	6800	170	1	0.516145833333333	0.412037037037037	991	445	7	2
342	6820	170	1	0.516145833333333	0.412037037037037	991	445	7	2
343	6840	171	1	0.516145833333333	0.412037037037037	991	445	7	2
344	6860	171	1	0.516145833333333	0.412037037037037	991	445	7	2
345	6880	172	1	0.516145833333333	0.412037037037037	991	445	7	2
346	6900	172	1	0.516145833333333	0.412037037037037	991	445	7	2
347	6920	173	1	0.516145833333333	0.412037037037037	991	445	7	2
348	6940	173	1	0.516145833333333	0.412037037037037	991	445	7	2
349	6960	174	1	0.516145833333333	0.412037037037037	991	445	7	2
350	6980	174	1	0.516145833333333	0.412037037037037	991	445	7	2
351	7000	175	1	0.263541666666667	0.342592592592593	506	370	8	1
352	7020	175	1	0.263541666666667	0.342592592592593	506	370	8	1
353	7040	176	1	0.263541666666667	0.342592592592593	506	370	8	1
354	7060	176	1	0.263541666666667	0.342592592592593	506	370	8	1
355	7080	177	1	0.263541666666667	0.342592592592593	506	370	8	1
356	7100	177	1	0.263541666666667	0.342592592592593	506	370	8	1
357	7120	178	1	0.263541666666667	0.342592592592593	506	370	8	1
358	7140	178	1	0.263541666666667	0.342592592592593	506	370	8	1
359	7160	179	1	0.263541666666667	0.342592592592593	506	370	8	1
360	7180	179	1	0.263541666666667	0.342592592592593	506	370	8	1
361	7200	180	1	0.263541666666667	0.342592592592593	506	370	8	1
362	7220	180	1	0.263541666666667	0.342592592592593	506	370	8	1
363	7240	181	1	0.263541666666667	0.342592592592593	506	370	8	1
364	7260	181	1	0.263541666666667	0.342592592592593	506	370	8	1
365	7280	182	1	0.263541666666667	0.342592592592593	506	370	8	1
366	7300	182	1	0.263541666666667	0.342592592592593	506	370	8	1
367	7320	183	1	0.263541666666667	0.342592592592593	506	370	8	1
368	7340	183	1	0.263541666666667	0.342592592592593	506	370	8	1
369	7360	184	1	0.263541666666667	0.342592592592593	506	370	8	1
370	7380	184	1	0.263541666666667	0.342592592592593	506	370	8	1
371	7400	185	1	0.263541666666667	0.342592592592593	506	370	8	1
372	7420	185	1	0.263541666666667	0.342592592592593	506	370	8	1
373	7440	186	1	0.263541666666667	0.342592592592593	506	370	8	1
374	7460	186	1	0.263541666666667	0.342592592592593	506	370	8	1
375	7480	187	1	0.263541666666667	0.342592592592593	506	370	8	1
376	7500	187	1	0.482291666666667	0.437037037037037	926	472	8	2
377	7520	188	1	0.482291666666667	0.437037037037037	926	472	8	2
378	7540	188	1	0.482291666666667	0.437037037037037	926	472	8	2
379	7560	189	1	0.482291666666667	0.437037037037037	926	472	8	2
380	7580	189	1	0.482291666666667	0.437037037037037	926	472	8	2
381	7600	190	1	0.482291666666667	0.437037037037037	926	472	8	2
382	7620	190	1	0.482291666666667	0.437037037037037	926	472	8	2
383	7640	191	1	0.482291666666667	0.437037037037037	926	472	8	2
384	7660	191	1	0.482291666666667	0.437037037037037	926	472	8	2
385	7680	192	1	0.482291666666667	0.437037037037037	926	472	8	2
386	7700	192	1	0.482291666666667	0.437037037037037	926	472	8	2
387	7720	193	1	0.482291666666667	0.437037037037037	926	472	8	2
388	7740	193	1	0.482291666666667	0.437037037037037	926	472	8	2
389	7760	194	1	0.482291666666667	0.437037037037037	926	472	8	2
390	7780	194	1	0.482291666666667	0.437037037037037	926	472	8	2
391	7800	195	1	0.482291666666667	0.437037037037037	926	472	8	2
392	7820	195	1	0.482291666666667	0.437037037037037	926	472	8	2
393	7840	196	1	0.482291666666667	0.437037037037037	926	472	8	2
394	7860	196	1	0.482291666666667	0.437037037037037	926	472	8	2
395	7880	197	1	0.482291666666667	0.437037037037037	926	472	8	2
396	7900	197	1	0.482291666666667	0.437037037037037	926	472	8	2
397	7920	198	1	0.482291666666667	0.437037037037037	926	472	8	2
398	7940	198	1	0.482291666666667	0.437037037037037	926	472	8	2
399	7960	199	1	0.482291666666667	0.437037037037037	926	472	8	2
400	7980	199	1	0.482291666666667	0.437037037037037	926	472	8	2
401	8000	200	1	0.283333333333333	0.3	544	324	9	1
402	8020	200	1	0.283333333333333	0.3	544	324	9	1
403	8040	201	1	0.283333333333333	0.3	544	324	9	1
404	8060	201	1	0.283333333333333	0.3	544	324	9	1
405	8080	202	1	0.283333333333333	0.3	544	324	9	1
406	8100	202	1	0.283333333333333	0.3	544	324	9	1
407	8120	203	1	0.283333333333333	0.3	544	324	9	1
408	8140	203	1	0.283333333333333	0.3	544	324	9	1
409	8160	204	1	0.283333333333333	0.3	544	324	9	1
410	8180	204	1	0.283333333333333	0.3	544	324	9	1
411	8200	205	1	0.283333333333333	0.3	544	324	9	1
412	8220	205	1	0.283333333333333	0.3	544	324	9	1
413	8240	206	1	0.283333333333333	0.3	544	324	9	1
414	8260	206	1	0.283333333333333	0.3	544	324	9	1
415	8280	207	1	0.283333333333333	0.3	544	324	9	1
416	8300	207	1	0.283333333333333	0.3	544	324	9	1
417	8320	208	1	0.283333333333333	0.3	544	324	9	1
418	8340	208	1	0.283333333333333	0.3	544	324	9	1
419	8360	209	1	0.283333333333333	0.3	544	324	9	1
420	8380	209	1	0.283333333333333	0.3	544	324	9	1
421	8400	210	1	0.283333333333333	0.3	544	324	9	1
422	8420	210	1	0.283333333333333	0.3	544	324	9	1
423	8440	211	1	0.283333333333333	0.3	544	324	9	1
424	8460	211	1	0.283333333333333	0.3	544	324	9	1
425	8480	212	1	0.283333333333333	0.3	544	324	9	1
426	8500	212	1	0.5015625	0.425	963	459	9	2
427	8520	213	1	0.5015625	0.425	963	459	9	2
428	8540	213	1	0.5015625	0.425	963	459	9	2
429	8560	214	1	0.5015625	0.425	963	459	9	2
430	8580	214	1	0.5015625	0.425	963	459	9	2
431	8600	215	1	0.5015625	0.425	963	459	9	2
432	8620	215	1	0.5015625	0.425	963	459	9	2
433	8640	216	1	0.5015625	0.425	963	459	9	2
434	8660	216	1	0.5015625	0.425	963	459	9	2
435	8680	217	1	0.5015625	0.425	963	459	9	2
436	8700	217	1	0.5015625	0.425	963	459	9	2
437	8720	218	1	0.5015625	0.425	963	459	9	2
438	8740	218	1	0.5015625	0.425	963	459	9	2
439	8760	219	1	0.5015625	0.425	963	459	9	2
440	8780	219	1	0.5015625	0.425	963	459	9	2
441	8800	220	1	0.5015625	0.425	963	459	9	2
442	8820	220	1	0.5015625	0.425	963	459	9	2
443	8840	221	1	0.5015625	0.425	963	459	9	2
444	8860	221	1	0.5015625	0.425	963	459	9	2
445	8880	222	1	0.5015625	0.425	963	459	9	2
446	8900	222	1	0.5015625	0.425	963	459	9	2
447	8920	223	1	0.5015625	0.425	963	459	9	2
448	8940	223	1	0.5015625	0.425	963	459	9	2
449	8960	224	1	0.5015625	0.425	963	459	9	2
450	8980	224	1	0.5015625	0.425	963	459	9	2
451	9000	225	1	0.268229166666667	0.311111111111111	515	336	10	1
452	9020	225	1	0.268229166666667	0.311111111111111	515	336	10	1
453	9040	226	1	0.268229166666667	0.311111111111111	515	336	10	1
454	9060	226	1	0.268229166666667	0.311111111111111	515	336	10	1
455	9080	227	1	0.268229166666667	0.311111111111111	515	336	10	1
456	9100	227	1	0.268229166666667	0.311111111111111	515	336	10	1
457	9120	228	1	0.268229166666667	0.311111111111111	515	336	10	1
458	9140	228	1	0.268229166666667	0.311111111111111	515	336	10	1
459	9160	229	1	0.268229166666667	0.311111111111111	515	336	10	1
460	9180	229	1	0.268229166666667	0.311111111111111	515	336	10	1
461	9200	230	1	0.268229166666667	0.311111111111111	515	336	10	1
462	9220	230	1	0.268229166666667	0.311111111111111	515	336	10	1
463	9240	231	1	0.268229166666667	0.311111111111111	515	336	10	1
464	9260	231	1	0.268229166666667	0.311111111111111	515	336	10	1
465	9280	232	1	0.268229166666667	0.311111111111111	515	336	10	1
466	9300	232	1	0.268229166666667	0.311111111111111	515	336	10	1
467	9320	233	1	0.268229166666667	0.311111111111111	515	336	10	1
468	9340	233	1	0.268229166666667	0.311111111111111	515	336	10	1
469	9360	234	1	0.268229166666667	0.311111111111111	515	336	10	1
470	9380	234	1	0.268229166666667	0.311111111111111	515	336	10	1
471	9400	235	1	0.268229166666667	0.311111111111111	515	336	10	1
472	9420	235	1	0.268229166666667	0.311111111111111	515	336	10	1
473	9440	236	1	0.268229166666667	0.311111111111111	515	336	10	1
474	9460	236	1	0.268229166666667	0.311111111111111	515	336	10	1
475	9480	237	1	0.268229166666667	0.311111111111111	515	336	10	1
476	9500	237	1	0.516145833333333	0.434259259259259	991	469	10	2
477	9520	238	1	0.516145833333333	0.434259259259259	991	469	10	2
478	9540	238	1	0.516145833333333	0.434259259259259	991	469	10	2
479	9560	239	1	0.516145833333333	0.434259259259259	991	469	10	2
480	9580	239	1	0.516145833333333	0.434259259259259	991	469	10	2
481	9600	240	1	0.516145833333333	0.434259259259259	991	469	10	2
482	9620	240	1	0.516145833333333	0.434259259259259	991	469	10	2
483	9640	241	1	0.516145833333333	0.434259259259259	991	469	10	2
484	9660	241	1	0.516145833333333	0.434259259259259	991	469	10	2
485	9680	242	1	0.516145833333333	0.434259259259259	991	469	10	2
486	9700	242	1	0.516145833333333	0.434259259259259	991	469	10	2
487	9720	243	1	0.516145833333333	0.434259259259259	991	469	10	2
488	9740	243	1	0.516145833333333	0.434259259259259	991	469	10	2
489	9760	244	1	0.516145833333333	0.434259259259259	991	469	10	2
490	9780	244	1	0.516145833333333	0.434259259259259	991	469	10	2
491	9800	245	1	0.516145833333333	0.434259259259259	991	469	10	2
492	9820	245	1	0.516145833333333	0.434259259259259	991	469	10	2
493	9840	246	1	0.516145833333333	0.434259259259259	991	469	10	2
494	9860	246	1	0.516145833333333	0.434259259259259	991	469	10	2
495	9880	247	1	0.516145833333333	0.434259259259259	991	469	10	2
496	9900	247	1	0.516145833333333	0.434259259259259	991	469	10	2
497	9920	248	1	0.516145833333333	0.434259259259259	991	469	10	2
498	9940	248	1	0.516145833333333	0.434259259259259	991	469	10	2
499	9960	249	1	0.516145833333333	0.434259259259259	991	469	10	2
500	9980	249	1	0.516145833333333	0.434259259259259	991	469	10	2
501	10000	250	1	0.268229166666667	0.311111111111111	515	336	11	1
502	10020	250	1	0.268229166666667	0.311111111111111	515	336	11	1
503	10040	251	1	0.268229166666667	0.311111111111111	515	336	11	1
504	10060	251	1	0.268229166666667	0.311111111111111	515	336	11	1
505	10080	252	1	0.268229166666667	0.311111111111111	515	336	11	1
506	10100	252	1	0.268229166666667	0.311111111111111	515	336	11	1
507	10120	253	1	0.268229166666667	0.311111111111111	515	336	11	1
508	10140	253	1	0.268229166666667	0.311111111111111	515	336	11	1
509	10160	254	1	0.268229166666667	0.311111111111111	515	336	11	1
510	10180	254	1	0.268229166666667	0.311111111111111	515	336	11	1
511	10200	255	1	0.268229166666667	0.311111111111111	515	336	11	1
512	10220	255	1	0.268229166666667	0.311111111111111	515	336	11	1
513	10240	256	1	0.268229166666667	0.311111111111111	515	336	11	1
514	10260	256	1	0.268229166666667	0.311111111111111	515	336	11	1
515	10280	257	1	0.268229166666667	0.311111111111111	515	336	11	1
516	10300	257	1	0.268229166666667	0.311111111111111	515	336	11	1
517	10320	258	1	0.268229166666667	0.311111111111111	515	336	11	1
518	10340	258	1	0.268229166666667	0.311111111111111	515	336	11	1
519	10360	259	1	0.268229166666667	0.311111111111111	515	336	11	1
520	10380	259	1	0.268229166666667	0.311111111111111	515	336	11	1
521	10400	260	1	0.268229166666667	0.311111111111111	515	336	11	1
522	10420	260	1	0.268229166666667	0.311111111111111	515	336	11	1
523	10440	261	1	0.268229166666667	0.311111111111111	515	336	11	1
524	10460	261	1	0.268229166666667	0.311111111111111	515	336	11	1
525	10480	262	1	0.268229166666667	0.311111111111111	515	336	11	1
526	10500	262	1	0.516145833333333	0.434259259259259	991	469	11	2
527	10520	263	1	0.516145833333333	0.434259259259259	991	469	11	2
528	10540	263	1	0.516145833333333	0.434259259259259	991	469	11	2
529	10560	264	1	0.516145833333333	0.434259259259259	991	469	11	2
530	10580	264	1	0.516145833333333	0.434259259259259	991	469	11	2
531	10600	265	1	0.516145833333333	0.434259259259259	991	469	11	2
532	10620	265	1	0.516145833333333	0.434259259259259	991	469	11	2
533	10640	266	1	0.516145833333333	0.434259259259259	991	469	11	2
534	10660	266	1	0.516145833333333	0.434259259259259	991	469	11	2
535	10680	267	1	0.516145833333333	0.434259259259259	991	469	11	2
536	10700	267	1	0.516145833333333	0.434259259259259	991	469	11	2
537	10720	268	1	0.516145833333333	0.434259259259259	991	469	11	2
538	10740	268	1	0.516145833333333	0.434259259259259	991	469	11	2
539	10760	269	1	0.516145833333333	0.434259259259259	991	469	11	2
540	10780	269	1	0.516145833333333	0.434259259259259	991	469	11	2
541	10800	270	1	0.516145833333333	0.434259259259259	991	469	11	2
542	10820	270	1	0.516145833333333	0.434259259259259	991	469	11	2
543	10840	271	1	0.516145833333333	0.434259259259259	991	469	11	2
544	10860	271	1	0.516145833333333	0.434259259259259	991	469	11	2
545	10880	272	1	0.516145833333333	0.434259259259259	991	469	11	2
546	10900	272	1	0.516145833333333	0.434259259259259	991	469	11	2
547	10920	273	1	0.516145833333333	0.434259259259259	991	469	11	2
548	10940	273	1	0.516145833333333	0.434259259259259	991	469	11	2
549	10960	274	1	0.516145833333333	0.434259259259259	991	469	11	2
550	10980	274	1	0.516145833333333	0.434259259259259	991	469	11	2
551	11000	275	1	0.268229166666667	0.311111111111111	515	336	12	1
552	11020	275	1	0.268229166666667	0.311111111111111	515	336	12	1
553	11040	276	1	0.268229166666667	0.311111111111111	515	336	12	1
554	11060	276	1	0.268229166666667	0.311111111111111	515	336	12	1
555	11080	277	1	0.268229166666667	0.311111111111111	515	336	12	1
556	11100	277	1	0.268229166666667	0.311111111111111	515	336	12	1
557	11120	278	1	0.268229166666667	0.311111111111111	515	336	12	1
558	11140	278	1	0.268229166666667	0.311111111111111	515	336	12	1
559	11160	279	1	0.268229166666667	0.311111111111111	515	336	12	1
560	11180	279	1	0.268229166666667	0.311111111111111	515	336	12	1
561	11200	280	1	0.268229166666667	0.311111111111111	515	336	12	1
562	11220	280	1	0.268229166666667	0.311111111111111	515	336	12	1
563	11240	281	1	0.268229166666667	0.311111111111111	515	336	12	1
564	11260	281	1	0.268229166666667	0.311111111111111	515	336	12	1
565	11280	282	1	0.268229166666667	0.311111111111111	515	336	12	1
566	11300	282	1	0.268229166666667	0.311111111111111	515	336	12	1
567	11320	283	1	0.268229166666667	0.311111111111111	515	336	12	1
568	11340	283	1	0.268229166666667	0.311111111111111	515	336	12	1
569	11360	284	1	0.268229166666667	0.311111111111111	515	336	12	1
570	11380	284	1	0.268229166666667	0.311111111111111	515	336	12	1
571	11400	285	1	0.268229166666667	0.311111111111111	515	336	12	1
572	11420	285	1	0.268229166666667	0.311111111111111	515	336	12	1
573	11440	286	1	0.268229166666667	0.311111111111111	515	336	12	1
574	11460	286	1	0.268229166666667	0.311111111111111	515	336	12	1
575	11480	287	1	0.268229166666667	0.311111111111111	515	336	12	1
576	11500	287	1	0.516145833333333	0.434259259259259	991	469	12	2
577	11520	288	1	0.516145833333333	0.434259259259259	991	469	12	2
578	11540	288	1	0.516145833333333	0.434259259259259	991	469	12	2
579	11560	289	1	0.516145833333333	0.434259259259259	991	469	12	2
580	11580	289	1	0.516145833333333	0.434259259259259	991	469	12	2
581	11600	290	1	0.516145833333333	0.434259259259259	991	469	12	2
582	11620	290	1	0.516145833333333	0.434259259259259	991	469	12	2
583	11640	291	1	0.516145833333333	0.434259259259259	991	469	12	2
584	11660	291	1	0.516145833333333	0.434259259259259	991	469	12	2
585	11680	292	1	0.516145833333333	0.434259259259259	991	469	12	2
586	11700	292	1	0.516145833333333	0.434259259259259	991	469	12	2
587	11720	293	1	0.516145833333333	0.434259259259259	991	469	12	2
588	11740	293	1	0.516145833333333	0.434259259259259	991	469	12	2
589	11760	294	1	0.516145833333333	0.434259259259259	991	469	12	2
590	11780	294	1	0.516145833333333	0.434259259259259	991	469	12	2
591	11800	295	1	0.516145833333333	0.434259259259259	991	469	12	2
592	11820	295	1	0.516145833333333	0.434259259259259	991	469	12	2
593	11840	296	1	0.516145833333333	0.434259259259259	991	469	12	2
594	11860	296	1	0.516145833333333	0.434259259259259	991	469	12	2
595	11880	297	1	0.516145833333333	0.434259259259259	991	469	12	2
596	11900	297	1	0.516145833333333	0.434259259259259	991	469	12	2
597	11920	298	1	0.516145833333333	0.434259259259259	991	469	12	2
598	11940	298	1	0.516145833333333	0.434259259259259	991	469	12	2
599	11960	299	1	0.516145833333333	0.434259259259259	991	469	12	2
600	11980	299	1	0.516145833333333	0.434259259259259	991	469	12	2
601	12000	300	1	0.268229166666667	0.311111111111111	515	336	13	1
602	12020	300	1	0.268229166666667	0.311111111111111	515	336	13	1
603	12040	301	1	0.268229166666667	0.311111111111111	515	336	13	1
604	12060	301	1	0.268229166666667	0.311111111111111	515	336	13	1
605	12080	302	1	0.268229166666667	0.311111111111111	515	336	13	1
606	12100	302	1	0.268229166666667	0.311111111111111	515	336	13	1
607	12120	303	1	0.268229166666667	0.311111111111111	515	336	13	1
608	12140	303	1	0.268229166666667	0.311111111111111	515	336	13	1
609	12160	304	1	0.268229166666667	0.311111111111111	515	336	13	1
610	12180	304	1	0.268229166666667	0.311111111111111	515	336	13	1
611	12200	305	1	0.268229166666667	0.311111111111111	515	336	13	1
612	12220	305	1	0.268229166666667	0.311111111111111	515	336	13	1
613	12240	306	1	0.268229166666667	0.311111111111111	515	336	13	1
614	12260	306	1	0.268229166666667	0.311111111111111	515	336	13	1
615	12280	307	1	0.268229166666667	0.311111111111111	515	336	13	1
616	12300	307	1	0.268229166666667	0.311111111111111	515	336	13	1
617	12320	308	1	0.268229166666667	0.311111111111111	515	336	13	1
618	12340	308	1	0.268229166666667	0.311111111111111	515	336	13	1
619	12360	309	1	0.268229166666667	0.311111111111111	515	336	13	1
620	12380	309	1	0.268229166666667	0.311111111111111	515	336	13	1
621	12400	310	1	0.268229166666667	0.311111111111111	515	336	13	1
622	12420	310	1	0.268229166666667	0.311111111111111	515	336	13	1
623	12440	311	1	0.268229166666667	0.311111111111111	515	336	13	1
624	12460	311	1	0.268229166666667	0.311111111111111	515	336	13	1
625	12480	312	1	0.268229166666667	0.311111111111111	515	336	13	1
626	12500	312	1	0.516145833333333	0.434259259259259	991	469	13	2
627	12520	313	1	0.516145833333333	0.434259259259259	991	469	13	2
628	12540	313	1	0.516145833333333	0.434259259259259	991	469	13	2
629	12560	314	1	0.516145833333333	0.434259259259259	991	469	13	2
630	12580	314	1	0.516145833333333	0.434259259259259	991	469	13	2
631	12600	315	1	0.516145833333333	0.434259259259259	991	469	13	2
632	12620	315	1	0.516145833333333	0.434259259259259	991	469	13	2
633	12640	316	1	0.516145833333333	0.434259259259259	991	469	13	2
634	12660	316	1	0.516145833333333	0.434259259259259	991	469	13	2
635	12680	317	1	0.516145833333333	0.434259259259259	991	469	13	2
636	12700	317	1	0.516145833333333	0.434259259259259	991	469	13	2
637	12720	318	1	0.516145833333333	0.434259259259259	991	469	13	2
638	12740	318	1	0.516145833333333	0.434259259259259	991	469	13	2
639	12760	319	1	0.516145833333333	0.434259259259259	991	469	13	2
640	12780	319	1	0.516145833333333	0.434259259259259	991	469	13	2
641	12800	320	1	0.516145833333333	0.434259259259259	991	469	13	2
642	12820	320	1	0.516145833333333	0.434259259259259	991	469	13	2
643	12840	321	1	0.516145833333333	0.434259259259259	991	469	13	2
644	12860	321	1	0.516145833333333	0.434259259259259	991	469	13	2
645	12880	322	1	0.516145833333333	0.434259259259259	991	469	13	2
646	12900	322	1	0.516145833333333	0.434259259259259	991	469	13	2
647	12920	323	1	0.516145833333333	0.434259259259259	991	469	13	2
648	12940	323	1	0.516145833333333	0.434259259259259	991	469	13	2
649	12960	324	1	0.516145833333333	0.434259259259259	991	469	13	2
650	12980	324	1	0.516145833333333	0.434259259259259	991	469	13	2
651	13000	325	1	0.268229166666667	0.311111111111111	515	336	14	1
652	13020	325	1	0.268229166666667	0.311111111111111	515	336	14	1
653	13040	326	1	0.268229166666667	0.311111111111111	515	336	14	1
654	13060	326	1	0.268229166666667	0.311111111111111	515	336	14	1
655	13080	327	1	0.268229166666667	0.311111111111111	515	336	14	1
656	13100	327	1	0.268229166666667	0.311111111111111	515	336	14	1
657	13120	328	1	0.268229166666667	0.311111111111111	515	336	14	1
658	13140	328	1	0.268229166666667	0.311111111111111	515	336	14	1
659	13160	329	1	0.268229166666667	0.311111111111111	515	336	14	1
660	13180	329	1	0.268229166666667	0.311111111111111	515	336	14	1
661	13200	330	1	0.268229166666667	0.311111111111111	515	336	14	1
662	13220	330	1	0.268229166666667	0.311111111111111	515	336	14	1
663	13240	331	1	0.268229166666667	0.311111111111111	515	336	14	1
664	13260	331	1	0.268229166666667	0.311111111111111	515	336	14	1
665	13280	332	1	0.268229166666667	0.311111111111111	515	336	14	1
666	13300	332	1	0.268229166666667	0.311111111111111	515	336	14	1
667	13320	333	1	0.268229166666667	0.311111111111111	515	336	14	1
668	13340	333	1	0.268229166666667	0.311111111111111	515	336	14	1
669	13360	334	1	0.268229166666667	0.311111111111111	515	336	14	1
670	13380	334	1	0.268229166666667	0.311111111111111	515	336	14	1
671	13400	335	1	0.268229166666667	0.311111111111111	515	336	14	1
672	13420	335	1	0.268229166666667	0.311111111111111	515	336	14	1
673	13440	336	1	0.268229166666667	0.311111111111111	515	336	14	1
674	13460	336	1	0.268229166666667	0.311111111111111	515	336	14	1
675	13480	337	1	0.268229166666667	0.311111111111111	515	336	14	1
676	13500	337	1	0.516145833333333	0.434259259259259	991	469	14	2
677	13520	338	1	0.516145833333333	0.434259259259259	991	469	14	2
678	13540	338	1	0.516145833333333	0.434259259259259	991	469	14	2
679	13560	339	1	0.516145833333333	0.434259259259259	991	469	14	2
680	13580	339	1	0.516145833333333	0.434259259259259	991	469	14	2
681	13600	340	1	0.516145833333333	0.434259259259259	991	469	14	2
682	13620	340	1	0.516145833333333	0.434259259259259	991	469	14	2
683	13640	341	1	0.516145833333333	0.434259259259259	991	469	14	2
684	13660	341	1	0.516145833333333	0.434259259259259	991	469	14	2
685	13680	342	1	0.516145833333333	0.434259259259259	991	469	14	2
686	13700	342	1	0.516145833333333	0.434259259259259	991	469	14	2
687	13720	343	1	0.516145833333333	0.434259259259259	991	469	14	2
688	13740	343	1	0.516145833333333	0.434259259259259	991	469	14	2
689	13760	344	1	0.516145833333333	0.434259259259259	991	469	14	2
690	13780	344	1	0.516145833333333	0.434259259259259	991	469	14	2
691	13800	345	1	0.516145833333333	0.434259259259259	991	469	14	2
692	13820	345	1	0.516145833333333	0.434259259259259	991	469	14	2
693	13840	346	1	0.516145833333333	0.434259259259259	991	469	14	2
694	13860	346	1	0.516145833333333	0.434259259259259	991	469	14	2
695	13880	347	1	0.516145833333333	0.434259259259259	991	469	14	2
696	13900	347	1	0.516145833333333	0.434259259259259	991	469	14	2
697	13920	348	1	0.516145833333333	0.434259259259259	991	469	14	2
698	13940	348	1	0.516145833333333	0.434259259259259	991	469	14	2
699	13960	349	1	0.516145833333333	0.434259259259259	991	469	14	2
700	13980	349	1	0.516145833333333	0.434259259259259	991	469	14	2
701	14000	350	1	0.268229166666667	0.311111111111111	515	336	15	1
702	14020	350	1	0.268229166666667	0.311111111111111	515	336	15	1
703	14040	351	1	0.268229166666667	0.311111111111111	515	336	15	1
704	14060	351	1	0.268229166666667	0.311111111111111	515	336	15	1
705	14080	352	1	0.268229166666667	0.311111111111111	515	336	15	1
706	14100	352	1	0.268229166666667	0.311111111111111	515	336	15	1
707	14120	353	1	0.268229166666667	0.311111111111111	515	336	15	1
708	14140	353	1	0.268229166666667	0.311111111111111	515	336	15	1
709	14160	354	1	0.268229166666667	0.311111111111111	515	336	15	1
710	14180	354	1	0.268229166666667	0.311111111111111	515	336	15	1
711	14200	355	1	0.268229166666667	0.311111111111111	515	336	15	1
712	14220	355	1	0.268229166666667	0.311111111111111	515	336	15	1
713	14240	356	1	0.268229166666667	0.311111111111111	515	336	15	1
714	14260	356	1	0.268229166666667	0.311111111111111	515	336	15	1
715	14280	357	1	0.268229166666667	0.311111111111111	515	336	15	1
716	14300	357	1	0.268229166666667	0.311111111111111	515	336	15	1
717	14320	358	1	0.268229166666667	0.311111111111111	515	336	15	1
718	14340	358	1	0.268229166666667	0.311111111111111	515	336	15	1
719	14360	359	1	0.268229166666667	0.311111111111111	515	336	15	1
720	14380	359	1	0.268229166666667	0.311111111111111	515	336	15	1
721	14400	360	1	0.268229166666667	0.311111111111111	515	336	15	1
722	14420	360	1	0.268229166666667	0.311111111111111	515	336	15	1
723	14440	361	1	0.268229166666667	0.311111111111111	515	336	15	1
724	14460	361	1	0.268229166666667	0.311111111111111	515	336	15	1
725	14480	362	1	0.268229166666667	0.311111111111111	515	336	15	1
726	14500	362	1	0.516145833333333	0.434259259259259	991	469	15	2
727	14520	363	1	0.516145833333333	0.434259259259259	991	469	15	2
728	14540	363	1	0.516145833333333	0.434259259259259	991	469	15	2
729	14560	364	1	0.516145833333333	0.434259259259259	991	469	15	2
730	14580	364	1	0.516145833333333	0.434259259259259	991	469	15	2
731	14600	365	1	0.516145833333333	0.434259259259259	991	469	15	2
732	14620	365	1	0.516145833333333	0.434259259259259	991	469	15	2
733	14640	366	1	0.516145833333333	0.434259259259259	991	469	15	2
734	14660	366	1	0.516145833333333	0.434259259259259	991	469	15	2
735	14680	367	1	0.516145833333333	0.434259259259259	991	469	15	2
736	14700	367	1	0.516145833333333	0.434259259259259	991	469	15	2
737	14720	368	1	0.516145833333333	0.434259259259259	991	469	15	2
738	14740	368	1	0.516145833333333	0.434259259259259	991	469	15	2
739	14760	369	1	0.516145833333333	0.434259259259259	991	469	15	2
740	14780	369	1	0.516145833333333	0.434259259259259	991	469	15	2
741	14800	370	1	0.516145833333333	0.434259259259259	991	469	15	2
742	14820	370	1	0.516145833333333	0.434259259259259	991	469	15	2
743	14840	371	1	0.516145833333333	0.434259259259259	991	469	15	2
744	14860	371	1	0.516145833333333	0.434259259259259	991	469	15	2
745	14880	372	1	0.516145833333333	0.434259259259259	991	469	15	2
746	14900	372	1	0.516145833333333	0.434259259259259	991	469	15	2
747	14920	373	1	0.516145833333333	0.434259259259259	991	469	15	2
748	14940	373	1	0.516145833333333	0.434259259259259	991	469	15	2
749	14960	374	1	0.516145833333333	0.434259259259259	991	469	15	2
750	14980	374	1	0.516145833333333	0.434259259259259	991	469	15	2
751	15000	375	1	0.268229166666667	0.311111111111111	515	336	16	1
752	15020	375	1	0.268229166666667	0.311111111111111	515	336	16	1
753	15040	376	1	0.268229166666667	0.311111111111111	515	336	16	1
754	15060	376	1	0.268229166666667	0.311111111111111	515	336	16	1
755	15080	377	1	0.268229166666667	0.311111111111111	515	336	16	1
756	15100	377	1	0.268229166666667	0.311111111111111	515	336	16	1
757	15120	378	1	0.268229166666667	0.311111111111111	515	336	16	1
758	15140	378	1	0.268229166666667	0.311111111111111	515	336	16	1
759	15160	379	1	0.268229166666667	0.311111111111111	515	336	16	1
760	15180	379	1	0.268229166666667	0.311111111111111	515	336	16	1
761	15200	380	1	0.268229166666667	0.311111111111111	515	336	16	1
762	15220	380	1	0.268229166666667	0.311111111111111	515	336	16	1
763	15240	381	1	0.268229166666667	0.311111111111111	515	336	16	1
764	15260	381	1	0.268229166666667	0.311111111111111	515	336	16	1
765	15280	382	1	0.268229166666667	0.311111111111111	515	336	16	1
766	15300	382	1	0.268229166666667	0.311111111111111	515	336	16	1
767	15320	383	1	0.268229166666667	0.311111111111111	515	336	16	1
768	15340	383	1	0.268229166666667	0.311111111111111	515	336	16	1
769	15360	384	1	0.268229166666667	0.311111111111111	515	336	16	1
770	15380	384	1	0.268229166666667	0.311111111111111	515	336	16	1
771	15400	385	1	0.268229166666667	0.311111111111111	515	336	16	1
772	15420	385	1	0.268229166666667	0.311111111111111	515	336	16	1
773	15440	386	1	0.268229166666667	0.311111111111111	515	336	16	1
774	15460	386	1	0.268229166666667	0.311111111111111	515	336	16	1
775	15480	387	1	0.268229166666667	0.311111111111111	515	336	16	1
776	15500	387	1	0.516145833333333	0.434259259259259	991	469	16	2
777	15520	388	1	0.516145833333333	0.434259259259259	991	469	16	2
778	15540	388	1	0.516145833333333	0.434259259259259	991	469	16	2
779	15560	389	1	0.516145833333333	0.434259259259259	991	469	16	2
780	15580	389	1	0.516145833333333	0.434259259259259	991	469	16	2
781	15600	390	1	0.516145833333333	0.434259259259259	991	469	16	2
782	15620	390	1	0.516145833333333	0.434259259259259	991	469	16	2
783	15640	391	1	0.516145833333333	0.434259259259259	991	469	16	2
784	15660	391	1	0.516145833333333	0.434259259259259	991	469	16	2
785	15680	392	1	0.516145833333333	0.434259259259259	991	469	16	2
786	15700	392	1	0.516145833333333	0.434259259259259	991	469	16	2
787	15720	393	1	0.516145833333333	0.434259259259259	991	469	16	2
788	15740	393	1	0.516145833333333	0.434259259259259	991	469	16	2
789	15760	394	1	0.516145833333333	0.434259259259259	991	469	16	2
790	15780	394	1	0.516145833333333	0.434259259259259	991	469	16	2
791	15800	395	1	0.516145833333333	0.434259259259259	991	469	16	2
792	15820	395	1	0.516145833333333	0.434259259259259	991	469	16	2
793	15840	396	1	0.516145833333333	0.434259259259259	991	469	16	2
794	15860	396	1	0.516145833333333	0.434259259259259	991	469	16	2
795	15880	397	1	0.516145833333333	0.434259259259259	991	469	16	2
796	15900	397	1	0.516145833333333	0.434259259259259	991	469	16	2
797	15920	398	1	0.516145833333333	0.434259259259259	991	469	16	2
798	15940	398	1	0.516145833333333	0.434259259259259	991	469	16	2
799	15960	399	1	0.516145833333333	0.434259259259259	991	469	16	2
800	15980	399	1	0.516145833333333	0.434259259259259	991	469	16	2
801	16000	400	1	0.268229166666667	0.311111111111111	515	336	17	1
802	16020	400	1	0.268229166666667	0.311111111111111	515	336	17	1
803	16040	401	1	0.268229166666667	0.311111111111111	515	336	17	1
804	16060	401	1	0.268229166666667	0.311111111111111	515	336	17	1
805	16080	402	1	0.268229166666667	0.311111111111111	515	336	17	1
806	16100	402	1	0.268229166666667	0.311111111111111	515	336	17	1
807	16120	403	1	0.268229166666667	0.311111111111111	515	336	17	1
808	16140	403	1	0.268229166666667	0.311111111111111	515	336	17	1
809	16160	404	1	0.268229166666667	0.311111111111111	515	336	17	1
810	16180	404	1	0.268229166666667	0.311111111111111	515	336	17	1
811	16200	405	1	0.268229166666667	0.311111111111111	515	336	17	1
812	16220	405	1	0.268229166666667	0.311111111111111	515	336	17	1
813	16240	406	1	0.268229166666667	0.311111111111111	515	336	17	1
814	16260	406	1	0.268229166666667	0.311111111111111	515	336	17	1
815	16280	407	1	0.268229166666667	0.311111111111111	515	336	17	1
816	16300	407	1	0.268229166666667	0.311111111111111	515	336	17	1
817	16320	408	1	0.268229166666667	0.311111111111111	515	336	17	1
818	16340	408	1	0.268229166666667	0.311111111111111	515	336	17	1
819	16360	409	1	0.268229166666667	0.311111111111111	515	336	17	1
820	16380	409	1	0.268229166666667	0.311111111111111	515	336	17	1
821	16400	410	1	0.268229166666667	0.311111111111111	515	336	17	1
822	16420	410	1	0.268229166666667	0.311111111111111	515	336	17	1
823	16440	411	1	0.268229166666667	0.311111111111111	515	336	17	1
824	16460	411	1	0.268229166666667	0.311111111111111	515	336	17	1
825	16480	412	1	0.268229166666667	0.311111111111111	515	336	17	1
826	16500	412	1	0.516145833333333	0.434259259259259	991	469	17	2
827	16520	413	1	0.516145833333333	0.434259259259259	991	469	17	2
828	16540	413	1	0.516145833333333	0.434259259259259	991	469	17	2
829	16560	414	1	0.516145833333333	0.434259259259259	991	469	17	2
830	16580	414	1	0.516145833333333	0.434259259259259	991	469	17	2
831	16600	415	1	0.516145833333333	0.434259259259259	991	469	17	2
832	16620	415	1	0.516145833333333	0.434259259259259	991	469	17	2
833	16640	416	1	0.516145833333333	0.434259259259259	991	469	17	2
834	16660	416	1	0.516145833333333	0.434259259259259	991	469	17	2
835	16680	417	1	0.516145833333333	0.434259259259259	991	469	17	2
836	16700	417	1	0.516145833333333	0.434259259259259	991	469	17	2
837	16720	418	1	0.516145833333333	0.434259259259259	991	469	17	2
838	16740	418	1	0.516145833333333	0.434259259259259	991	469	17	2
839	16760	419	1	0.516145833333333	0.434259259259259	991	469	17	2
840	16780	419	1	0.516145833333333	0.434259259259259	991	469	17	2
841	16800	420	1	0.516145833333333	0.434259259259259	991	469	17	2
842	16820	420	1	0.516145833333333	0.434259259259259	991	469	17	2
843	16840	421	1	0.516145833333333	0.434259259259259	991	469	17	2
844	16860	421	1	0.516145833333333	0.434259259259259	991	469	17	2
845	16880	422	1	0.516145833333333	0.434259259259259	991	469	17	2
846	16900	422	1	0.516145833333333	0.434259259259259	991	469	17	2
847	16920	423	1	0.516145833333333	0.434259259259259	991	469	17	2
848	16940	423	1	0.516145833333333	0.434259259259259	991	469	17	2
849	16960	424	1	0.516145833333333	0.434259259259259	991	469	17	2
850	16980	424	1	0.516145833333333	0.434259259259259	991	469	17	2
851	17000	425	1	0.268229166666667	0.311111111111111	515	336	18	1
852	17020	425	1	0.268229166666667	0.311111111111111	515	336	18	1
853	17040	426	1	0.268229166666667	0.311111111111111	515	336	18	1
854	17060	426	1	0.268229166666667	0.311111111111111	515	336	18	1
855	17080	427	1	0.268229166666667	0.311111111111111	515	336	18	1
856	17100	427	1	0.268229166666667	0.311111111111111	515	336	18	1
857	17120	428	1	0.268229166666667	0.311111111111111	515	336	18	1
858	17140	428	1	0.268229166666667	0.311111111111111	515	336	18	1
859	17160	429	1	0.268229166666667	0.311111111111111	515	336	18	1
860	17180	429	1	0.268229166666667	0.311111111111111	515	336	18	1
861	17200	430	1	0.268229166666667	0.311111111111111	515	336	18	1
862	17220	430	1	0.268229166666667	0.311111111111111	515	336	18	1
863	17240	431	1	0.268229166666667	0.311111111111111	515	336	18	1
864	17260	431	1	0.268229166666667	0.311111111111111	515	336	18	1
865	17280	432	1	0.268229166666667	0.311111111111111	515	336	18	1
866	17300	432	1	0.268229166666667	0.311111111111111	515	336	18	1
867	17320	433	1	0.268229166666667	0.311111111111111	515	336	18	1
868	17340	433	1	0.268229166666667	0.311111111111111	515	336	18	1
869	17360	434	1	0.268229166666667	0.311111111111111	515	336	18	1
870	17380	434	1	0.268229166666667	0.311111111111111	515	336	18	1
871	17400	435	1	0.268229166666667	0.311111111111111	515	336	18	1
872	17420	435	1	0.268229166666667	0.311111111111111	515	336	18	1
873	17440	436	1	0.268229166666667	0.311111111111111	515	336	18	1
874	17460	436	1	0.268229166666667	0.311111111111111	515	336	18	1
875	17480	437	1	0.268229166666667	0.311111111111111	515	336	18	1
876	17500	437	1	0.516145833333333	0.434259259259259	991	469	18	2
877	17520	438	1	0.516145833333333	0.434259259259259	991	469	18	2
878	17540	438	1	0.516145833333333	0.434259259259259	991	469	18	2
879	17560	439	1	0.516145833333333	0.434259259259259	991	469	18	2
880	17580	439	1	0.516145833333333	0.434259259259259	991	469	18	2
881	17600	440	1	0.516145833333333	0.434259259259259	991	469	18	2
882	17620	440	1	0.516145833333333	0.434259259259259	991	469	18	2
883	17640	441	1	0.516145833333333	0.434259259259259	991	469	18	2
884	17660	441	1	0.516145833333333	0.434259259259259	991	469	18	2
885	17680	442	1	0.516145833333333	0.434259259259259	991	469	18	2
886	17700	442	1	0.516145833333333	0.434259259259259	991	469	18	2
887	17720	443	1	0.516145833333333	0.434259259259259	991	469	18	2
888	17740	443	1	0.516145833333333	0.434259259259259	991	469	18	2
889	17760	444	1	0.516145833333333	0.434259259259259	991	469	18	2
890	17780	444	1	0.516145833333333	0.434259259259259	991	469	18	2
891	17800	445	1	0.516145833333333	0.434259259259259	991	469	18	2
892	17820	445	1	0.516145833333333	0.434259259259259	991	469	18	2
893	17840	446	1	0.516145833333333	0.434259259259259	991	469	18	2
894	17860	446	1	0.516145833333333	0.434259259259259	991	469	18	2
895	17880	447	1	0.516145833333333	0.434259259259259	991	469	18	2
896	17900	447	1	0.516145833333333	0.434259259259259	991	469	18	2
897	17920	448	1	0.516145833333333	0.434259259259259	991	469	18	2
898	17940	448	1	0.516145833333333	0.434259259259259	991	469	18	2
899	17960	449	1	0.516145833333333	0.434259259259259	991	469	18	2
900	17980	449	1	0.516145833333333	0.434259259259259	991	469	18	2
901	18000	450	1	0.2703125	0.325925925925926	519	352	19	1
902	18020	450	1	0.2703125	0.325925925925926	519	352	19	1
903	18040	451	1	0.2703125	0.325925925925926	519	352	19	1
904	18060	451	1	0.2703125	0.325925925925926	519	352	19	1
905	18080	452	1	0.2703125	0.325925925925926	519	352	19	1
906	18100	452	1	0.2703125	0.325925925925926	519	352	19	1
907	18120	453	1	0.2703125	0.325925925925926	519	352	19	1
908	18140	453	1	0.2703125	0.325925925925926	519	352	19	1
909	18160	454	1	0.2703125	0.325925925925926	519	352	19	1
910	18180	454	1	0.2703125	0.325925925925926	519	352	19	1
911	18200	455	1	0.2703125	0.325925925925926	519	352	19	1
912	18220	455	1	0.2703125	0.325925925925926	519	352	19	1
913	18240	456	1	0.2703125	0.325925925925926	519	352	19	1
914	18260	456	1	0.2703125	0.325925925925926	519	352	19	1
915	18280	457	1	0.2703125	0.325925925925926	519	352	19	1
916	18300	457	1	0.2703125	0.325925925925926	519	352	19	1
917	18320	458	1	0.2703125	0.325925925925926	519	352	19	1
918	18340	458	1	0.2703125	0.325925925925926	519	352	19	1
919	18360	459	1	0.2703125	0.325925925925926	519	352	19	1
920	18380	459	1	0.2703125	0.325925925925926	519	352	19	1
921	18400	460	1	0.2703125	0.325925925925926	519	352	19	1
922	18420	460	1	0.2703125	0.325925925925926	519	352	19	1
923	18440	461	1	0.2703125	0.325925925925926	519	352	19	1
924	18460	461	1	0.2703125	0.325925925925926	519	352	19	1
925	18480	462	1	0.2703125	0.325925925925926	519	352	19	1
926	18500	462	1	0.54375	0.462037037037037	1044	499	19	2
927	18520	463	1	0.54375	0.462037037037037	1044	499	19	2
928	18540	463	1	0.54375	0.462037037037037	1044	499	19	2
929	18560	464	1	0.54375	0.462037037037037	1044	499	19	2
930	18580	464	1	0.54375	0.462037037037037	1044	499	19	2
931	18600	465	1	0.54375	0.462037037037037	1044	499	19	2
932	18620	465	1	0.54375	0.462037037037037	1044	499	19	2
933	18640	466	1	0.54375	0.462037037037037	1044	499	19	2
934	18660	466	1	0.54375	0.462037037037037	1044	499	19	2
935	18680	467	1	0.54375	0.462037037037037	1044	499	19	2
936	18700	467	1	0.54375	0.462037037037037	1044	499	19	2
937	18720	468	1	0.54375	0.462037037037037	1044	499	19	2
938	18740	468	1	0.54375	0.462037037037037	1044	499	19	2
939	18760	469	1	0.54375	0.462037037037037	1044	499	19	2
940	18780	469	1	0.54375	0.462037037037037	1044	499	19	2
941	18800	470	1	0.54375	0.462037037037037	1044	499	19	2
942	18820	470	1	0.54375	0.462037037037037	1044	499	19	2
943	18840	471	1	0.54375	0.462037037037037	1044	499	19	2
944	18860	471	1	0.54375	0.462037037037037	1044	499	19	2
945	18880	472	1	0.54375	0.462037037037037	1044	499	19	2
946	18900	472	1	0.54375	0.462037037037037	1044	499	19	2
947	18920	473	1	0.54375	0.462037037037037	1044	499	19	2
948	18940	473	1	0.54375	0.462037037037037	1044	499	19	2
949	18960	474	1	0.54375	0.462037037037037	1044	499	19	2
950	18980	474	1	0.54375	0.462037037037037	1044	499	19	2
951	19000	475	1	0.266666666666667	0.296296296296296	512	320	20	1
952	19020	475	1	0.266666666666667	0.296296296296296	512	320	20	1
953	19040	476	1	0.266666666666667	0.296296296296296	512	320	20	1
954	19060	476	1	0.266666666666667	0.296296296296296	512	320	20	1
955	19080	477	1	0.266666666666667	0.296296296296296	512	320	20	1
956	19100	477	1	0.266666666666667	0.296296296296296	512	320	20	1
957	19120	478	1	0.266666666666667	0.296296296296296	512	320	20	1
958	19140	478	1	0.266666666666667	0.296296296296296	512	320	20	1
959	19160	479	1	0.266666666666667	0.296296296296296	512	320	20	1
960	19180	479	1	0.266666666666667	0.296296296296296	512	320	20	1
961	19200	480	1	0.266666666666667	0.296296296296296	512	320	20	1
962	19220	480	1	0.266666666666667	0.296296296296296	512	320	20	1
963	19240	481	1	0.266666666666667	0.296296296296296	512	320	20	1
964	19260	481	1	0.266666666666667	0.296296296296296	512	320	20	1
965	19280	482	1	0.266666666666667	0.296296296296296	512	320	20	1
966	19300	482	1	0.266666666666667	0.296296296296296	512	320	20	1
967	19320	483	1	0.266666666666667	0.296296296296296	512	320	20	1
968	19340	483	1	0.266666666666667	0.296296296296296	512	320	20	1
969	19360	484	1	0.266666666666667	0.296296296296296	512	320	20	1
970	19380	484	1	0.266666666666667	0.296296296296296	512	320	20	1
971	19400	485	1	0.266666666666667	0.296296296296296	512	320	20	1
972	19420	485	1	0.266666666666667	0.296296296296296	512	320	20	1
973	19440	486	1	0.266666666666667	0.296296296296296	512	320	20	1
974	19460	486	1	0.266666666666667	0.296296296296296	512	320	20	1
975	19480	487	1	0.266666666666667	0.296296296296296	512	320	20	1
976	19500	487	1	0.4890625	0.407407407407407	939	440	20	2
977	19520	488	1	0.4890625	0.407407407407407	939	440	20	2
978	19540	488	1	0.4890625	0.407407407407407	939	440	20	2
979	19560	489	1	0.4890625	0.407407407407407	939	440	20	2
980	19580	489	1	0.4890625	0.407407407407407	939	440	20	2
981	19600	490	1	0.4890625	0.407407407407407	939	440	20	2
982	19620	490	1	0.4890625	0.407407407407407	939	440	20	2
983	19640	491	1	0.4890625	0.407407407407407	939	440	20	2
984	19660	491	1	0.4890625	0.407407407407407	939	440	20	2
985	19680	492	1	0.4890625	0.407407407407407	939	440	20	2
986	19700	492	1	0.4890625	0.407407407407407	939	440	20	2
987	19720	493	1	0.4890625	0.407407407407407	939	440	20	2
988	19740	493	1	0.4890625	0.407407407407407	939	440	20	2
989	19760	494	1	0.4890625	0.407407407407407	939	440	20	2
990	19780	494	1	0.4890625	0.407407407407407	939	440	20	2
991	19800	495	1	0.4890625	0.407407407407407	939	440	20	2
992	19820	495	1	0.4890625	0.407407407407407	939	440	20	2
993	19840	496	1	0.4890625	0.407407407407407	939	440	20	2
994	19860	496	1	0.4890625	0.407407407407407	939	440	20	2
995	19880	497	1	0.4890625	0.407407407407407	939	440	20	2
996	19900	497	1	0.4890625	0.407407407407407	939	440	20	2
997	19920	498	1	0.4890625	0.407407407407407	939	440	20	2
998	19940	498	1	0.4890625	0.407407407407407	939	440	20	2
999	19960	499	1	0.4890625	0.407407407407407	939	440	20	2
1000	19980	499	1	0.4890625	0.407407407407407	939	440	20	2
1001	20000	500	1	0.265104166666667	0.282407407407407	509	305	21	1
1002	20020	500	1	0.265104166666667	0.282407407407407	509	305	21	1
1003	20040	501	1	0.265104166666667	0.282407407407407	509	305	21	1
1004	20060	501	1	0.265104166666667	0.282407407407407	509	305	21	1
1005	20080	502	1	0.265104166666667	0.282407407407407	509	305	21	1
1006	20100	502	1	0.265104166666667	0.282407407407407	509	305	21	1
1007	20120	503	1	0.265104166666667	0.282407407407407	509	305	21	1
1008	20140	503	1	0.265104166666667	0.282407407407407	509	305	21	1
1009	20160	504	1	0.265104166666667	0.282407407407407	509	305	21	1
1010	20180	504	1	0.265104166666667	0.282407407407407	509	305	21	1
1011	20200	505	1	0.265104166666667	0.282407407407407	509	305	21	1
1012	20220	505	1	0.265104166666667	0.282407407407407	509	305	21	1
1013	20240	506	1	0.265104166666667	0.282407407407407	509	305	21	1
1014	20260	506	1	0.265104166666667	0.282407407407407	509	305	21	1
1015	20280	507	1	0.265104166666667	0.282407407407407	509	305	21	1
1016	20300	507	1	0.265104166666667	0.282407407407407	509	305	21	1
1017	20320	508	1	0.265104166666667	0.282407407407407	509	305	21	1
1018	20340	508	1	0.265104166666667	0.282407407407407	509	305	21	1
1019	20360	509	1	0.265104166666667	0.282407407407407	509	305	21	1
1020	20380	509	1	0.265104166666667	0.282407407407407	509	305	21	1
1021	20400	510	1	0.265104166666667	0.282407407407407	509	305	21	1
1022	20420	510	1	0.265104166666667	0.282407407407407	509	305	21	1
1023	20440	511	1	0.265104166666667	0.282407407407407	509	305	21	1
1024	20460	511	1	0.265104166666667	0.282407407407407	509	305	21	1
1025	20480	512	1	0.265104166666667	0.282407407407407	509	305	21	1
1026	20500	512	1	0.4625	0.380555555555556	888	411	21	2
1027	20520	513	1	0.4625	0.380555555555556	888	411	21	2
1028	20540	513	1	0.4625	0.380555555555556	888	411	21	2
1029	20560	514	1	0.4625	0.380555555555556	888	411	21	2
1030	20580	514	1	0.4625	0.380555555555556	888	411	21	2
1031	20600	515	1	0.4625	0.380555555555556	888	411	21	2
1032	20620	515	1	0.4625	0.380555555555556	888	411	21	2
1033	20640	516	1	0.4625	0.380555555555556	888	411	21	2
1034	20660	516	1	0.4625	0.380555555555556	888	411	21	2
1035	20680	517	1	0.4625	0.380555555555556	888	411	21	2
1036	20700	517	1	0.4625	0.380555555555556	888	411	21	2
1037	20720	518	1	0.4625	0.380555555555556	888	411	21	2
1038	20740	518	1	0.4625	0.380555555555556	888	411	21	2
1039	20760	519	1	0.4625	0.380555555555556	888	411	21	2
1040	20780	519	1	0.4625	0.380555555555556	888	411	21	2
1041	20800	520	1	0.4625	0.380555555555556	888	411	21	2
1042	20820	520	1	0.4625	0.380555555555556	888	411	21	2
1043	20840	521	1	0.4625	0.380555555555556	888	411	21	2
1044	20860	521	1	0.4625	0.380555555555556	888	411	21	2
1045	20880	522	1	0.4625	0.380555555555556	888	411	21	2
1046	20900	522	1	0.4625	0.380555555555556	888	411	21	2
1047	20920	523	1	0.4625	0.380555555555556	888	411	21	2
1048	20940	523	1	0.4625	0.380555555555556	888	411	21	2
1049	20960	524	1	0.4625	0.380555555555556	888	411	21	2
1050	20980	524	1	0.4625	0.380555555555556	888	411	21	2
1051	21000	525	1	0.268229166666667	0.311111111111111	515	336	22	1
1052	21020	525	1	0.268229166666667	0.311111111111111	515	336	22	1
1053	21040	526	1	0.268229166666667	0.311111111111111	515	336	22	1
1054	21060	526	1	0.268229166666667	0.311111111111111	515	336	22	1
1055	21080	527	1	0.268229166666667	0.311111111111111	515	336	22	1
1056	21100	527	1	0.268229166666667	0.311111111111111	515	336	22	1
1057	21120	528	1	0.268229166666667	0.311111111111111	515	336	22	1
1058	21140	528	1	0.268229166666667	0.311111111111111	515	336	22	1
1059	21160	529	1	0.268229166666667	0.311111111111111	515	336	22	1
1060	21180	529	1	0.268229166666667	0.311111111111111	515	336	22	1
1061	21200	530	1	0.268229166666667	0.311111111111111	515	336	22	1
1062	21220	530	1	0.268229166666667	0.311111111111111	515	336	22	1
1063	21240	531	1	0.268229166666667	0.311111111111111	515	336	22	1
1064	21260	531	1	0.268229166666667	0.311111111111111	515	336	22	1
1065	21280	532	1	0.268229166666667	0.311111111111111	515	336	22	1
1066	21300	532	1	0.268229166666667	0.311111111111111	515	336	22	1
1067	21320	533	1	0.268229166666667	0.311111111111111	515	336	22	1
1068	21340	533	1	0.268229166666667	0.311111111111111	515	336	22	1
1069	21360	534	1	0.268229166666667	0.311111111111111	515	336	22	1
1070	21380	534	1	0.268229166666667	0.311111111111111	515	336	22	1
1071	21400	535	1	0.268229166666667	0.311111111111111	515	336	22	1
1072	21420	535	1	0.268229166666667	0.311111111111111	515	336	22	1
1073	21440	536	1	0.268229166666667	0.311111111111111	515	336	22	1
1074	21460	536	1	0.268229166666667	0.311111111111111	515	336	22	1
1075	21480	537	1	0.268229166666667	0.311111111111111	515	336	22	1
1076	21500	537	1	0.516145833333333	0.434259259259259	991	469	22	2
1077	21520	538	1	0.516145833333333	0.434259259259259	991	469	22	2
1078	21540	538	1	0.516145833333333	0.434259259259259	991	469	22	2
1079	21560	539	1	0.516145833333333	0.434259259259259	991	469	22	2
1080	21580	539	1	0.516145833333333	0.434259259259259	991	469	22	2
1081	21600	540	1	0.516145833333333	0.434259259259259	991	469	22	2
1082	21620	540	1	0.516145833333333	0.434259259259259	991	469	22	2
1083	21640	541	1	0.516145833333333	0.434259259259259	991	469	22	2
1084	21660	541	1	0.516145833333333	0.434259259259259	991	469	22	2
1085	21680	542	1	0.516145833333333	0.434259259259259	991	469	22	2
1086	21700	542	1	0.516145833333333	0.434259259259259	991	469	22	2
1087	21720	543	1	0.516145833333333	0.434259259259259	991	469	22	2
1088	21740	543	1	0.516145833333333	0.434259259259259	991	469	22	2
1089	21760	544	1	0.516145833333333	0.434259259259259	991	469	22	2
1090	21780	544	1	0.516145833333333	0.434259259259259	991	469	22	2
1091	21800	545	1	0.516145833333333	0.434259259259259	991	469	22	2
1092	21820	545	1	0.516145833333333	0.434259259259259	991	469	22	2
1093	21840	546	1	0.516145833333333	0.434259259259259	991	469	22	2
1094	21860	546	1	0.516145833333333	0.434259259259259	991	469	22	2
1095	21880	547	1	0.516145833333333	0.434259259259259	991	469	22	2
1096	21900	547	1	0.516145833333333	0.434259259259259	991	469	22	2
1097	21920	548	1	0.516145833333333	0.434259259259259	991	469	22	2
1098	21940	548	1	0.516145833333333	0.434259259259259	991	469	22	2
1099	21960	549	1	0.516145833333333	0.434259259259259	991	469	22	2
1100	21980	549	1	0.516145833333333	0.434259259259259	991	469	22	2
